MfgCode,FoodID,FoodName,Description,FoodType,Calories,Fats,Protein,Carbohydrates,Link,Recipe,Purchase
,,Poha,,Breakfast,,,,,https://encrypted-tbn0.gstatic.com/images?q=tbn:ANd9GcRuxCyF1cWPxf3e9RiRq3Txauawxk9eCF-ZV36CcOXuR5-xD8uzTVfvE7xFFg&s,https://www.indianhealthyrecipes.com/poha-recipe-kanda-batata-poha/,https://www.google.com/url?sa=t&rct=j&q=&esrc=s&source=web&cd=&cad=rja&uact=8&ved=2ahUKEwjuh9qc3LvvAhXM8HMBHXsiBfQQFjAAegQIAhAD&url=https%3A%2F%2Fsweetkaramcoffee.in%2Fproducts%2Frava-upma-mix&usg=AOvVaw3xVv2toR7NXP0fqpTfK9gn
,,Pizza,,Lunch Dinner,,10 g,11 g,33 g,https://encrypted-tbn0.gstatic.com/images?q=tbn:ANd9GcTPZ4NTTCpJfCRVd9PXP_MWxUCatkKwhZgVUQSVADOR_1gzDpfKsQfhCo_U-w&s,https://www.vegrecipesofindia.com/veg-pizza-recipe-vegetable-pizza/,https://www.pizzahut.co.in/
,,Pasta,,Breakfast Lunch Dinner,,1.1 g,5 g,25 g,https://encrypted-tbn0.gstatic.com/images?q=tbn:ANd9GcSP0vmD8AWxd8-ARi1ZLI_TD06f8FyGzIYh65fkgNjCOP8LY4pZrEH4O78ISg&s,https://www.indianhealthyrecipes.com/masala-pasta/,https://www.googleadservices.com/pagead/aclk?sa=L&ai=DChcSEwiCo8_m27vvAhVUdGAKHXBwBI8YABAAGgJ0bQ&ae=2&ohost=www.google.com&cid=CAESQOD2Ev_lg6__52Ru57dFqo0JZK-SydkDvDi7nIT_rn9pTkaaGkqLD5EJ3oPEv2Pv7z1Lg8yBTgzWrSo52ZQCyJQ&sig=AOD64_33CEtPeH56l_6ucMKl3KslE6VDhA&q&adurl&ved=2ahUKEwjXysTm27vvAhW36XMBHWxaDfgQ0Qx6BAgDEAE
,,Apple Pie,,Breakfast,290,11.5,2.17,44.54,https://encrypted-tbn0.gstatic.com/images?q=tbn:ANd9GcRKDzZnSoSbMvNlcF6YWCsp12DRF0_lNZ_MV2mWbBd-EWunYX1xKvm6TJcmEyY&s,https://natashaskitchen.com/apple-pie-recipe/,https://www.google.com/url?sa=t&rct=j&q=&esrc=s&source=web&cd=&cad=rja&uact=8&ved=2ahUKEwiwxOGG27vvAhVSfX0KHSfYDucQFjAAegQIAxAD&url=https%3A%2F%2Fwww.freshmenu.com%2Funiversal--vegetarian--desserts--apple--cinnamon--nudac249%2Fproduct%2F1083&usg=AOvVaw1zFsxAC5bDhYhCn0jPNMwq
,,Apple,,Breakfast,,0.2 g,0.3 g,14 g,https://encrypted-tbn0.gstatic.com/images?q=tbn:ANd9GcSemCJ8saN8NedJvQDro6hIOzS4ABMgGkjIvPh-60wf-8GA6Sy56vsKmmfPRw&s,https://www.delish.com/cooking/g1968/easy-apple-recipes/,https://www.googleadservices.com/pagead/aclk?sa=L&ai=DChcSEwjs0Mb23bvvAhVYWWAKHdmMDKsYABADGgJ0bQ&ae=2&ohost=www.google.com&cid=CAESQOD2iYI4YV3O5odrJiBFrROcX0Ztik4qEnxJ_0KX-opXJhdYos_Ba0ea5NnGSrSz-zo23dCQ2T8EORoQvta2hpg&sig=AOD64_3NSvbCblPSkTiINf5romKOKIZ77w&q&adurl&ved=2ahUKEwichr323bvvAhVTVisKHYPiC3kQ0Qx6BAgDEAE
,,Banana,,Breakfast Lunch Dinner,,0.3 g,1.1 g,23 g,https://encrypted-tbn0.gstatic.com/images?q=tbn:ANd9GcSEP8rll2r-2R46BGpg3UIrQ8_Tn1BaH25dNGtWb3R64Ch2Ed2oVNcdsU_9Cg&s,https://www.youtube.com/watch?v=epb4leDpIS4,https://www.naturesbasket.co.in/Online-grocery-shopping/Fruits-Vegetables/Fruits/Apples-Bananas/113_0_0
,,,,,,,,,,,
,,Dosa,,South Indian Food,133,5.2 g,2.7 g,18.8 g,https://www.google.com/imgres?imgurl=https%3A%2F%2Fwww.cookwithmanali.com%2Fwp-content%2Fuploads%2F2020%2F05%2FMasala-Dosa.jpg&imgrefurl=https%3A%2F%2Fwww.cookwithmanali.com%2Fcrispy-masala-dosa%2F&tbnid=A6mMZCdoNDSdkM&vet=12ahUKEwj1uLDE7sPvAhXTXn0KHWejAZoQMygAegUIARD1AQ..i&docid=oYRzL5F74JyiTM&w=660&h=1000&q=dosa&ved=2ahUKEwj1uLDE7sPvAhXTXn0KHWejAZoQMygAegUIARD1AQ,https://www.google.com/url?sa=t&rct=j&q=&esrc=s&source=web&cd=&cad=rja&uact=8&ved=2ahUKEwi31cG-4sPvAhUsILcAHZt4Cv4QFjAIegQIHBAD&url=https%3A%2F%2Fwww.indianhealthyrecipes.com%2Fdosa-recipe-dosa-batter%2F&usg=AOvVaw1p_dO5mWycLK2puT0KwMcL,https://www.google.com/url?sa=t&rct=j&q=&esrc=s&source=web&cd=&cad=rja&uact=8&ved=2ahUKEwjG34bm4sPvAhU38HMBHZLYB-IQFjAAegQIAxAD&url=https%3A%2F%2Fwww.zomato.com%2Findore%2Framesh-masala-dosa-new-palasia%2Forder&usg=AOvVaw3D_wotvN_Ha0VXKt7Wn4G5
,,Idli,,South Indian Food,33,0.1 g,1 g,7.2 g,https://www.google.com/imgres?imgurl=https%3A%2F%2Fwww.indianhealthyrecipes.com%2Fwp-content%2Fuploads%2F2013%2F01%2Fidli-recipe-1-500x500.jpg&imgrefurl=https%3A%2F%2Fwww.indianhealthyrecipes.com%2Fsoft-idli-recipe-using-idli-rava%2F&tbnid=U2wqTJsIrNpP8M&vet=12ahUKEwj87JT77sPvAhVNRisKHWOtDBwQMygDegUIARCEAg..i&docid=csWogMGyMzIpxM&w=500&h=500&q=idli&ved=2ahUKEwj87JT77sPvAhVNRisKHWOtDBwQMygDegUIARCEAg,https://www.google.com/url?sa=t&rct=j&q=&esrc=s&source=web&cd=&cad=rja&uact=8&ved=2ahUKEwiC5bWO5MPvAhXvgtgFHTtjCjkQFjAEegQIBhAD&url=https%3A%2F%2Fwww.vegrecipesofindia.com%2Fidli-recipe-how-to-make-soft-idlis%2F&usg=AOvVaw30-P6mxYZDQdNkLuce0EWC,https://www.google.com/url?sa=t&rct=j&q=&esrc=s&source=web&cd=&cad=rja&uact=8&ved=2ahUKEwi4_7Oa5MPvAhUTILcAHZ-EBcAQFjAAegQIAxAD&url=https%3A%2F%2Fwww.zomato.com%2Findore%2Fidli-hut-sapna-sangeeta%2Forder&usg=AOvVaw1n44xsb91ko4jDpI3dNb2L
,,Sambhar,,South Indian Food,143,5.4 g,5.2 g,18.4 g,https://www.google.com/imgres?imgurl=https%3A%2F%2Fzaykarecipes.com%2Feng%2Fwp-content%2Fuploads%2F2019%2F12%2Fsambhar-recipe.jpg&imgrefurl=https%3A%2F%2Fzaykarecipes.com%2Feng%2Fsambhar-recipe&tbnid=PyMN22wbtozpbM&vet=12ahUKEwjduabI78PvAhVUfH0KHVl9CjkQMygMegUIARCKAg..i&docid=ch8wW59OL27zZM&w=704&h=412&q=sambhar&ved=2ahUKEwjduabI78PvAhVUfH0KHVl9CjkQMygMegUIARCKAg,https://www.google.com/url?sa=t&rct=j&q=&esrc=s&source=web&cd=&cad=rja&uact=8&ved=2ahUKEwieoIHm5cPvAhXo6XMBHZKYCMoQFjAIegQIKxAD&url=https%3A%2F%2Fwww.indianhealthyrecipes.com%2Fandhra-sambar-recipe-how-to-make-south-indian-sambar%2F&usg=AOvVaw2hxPg1uxT0FKOi0oMZfiNj,https://www.google.com/url?sa=t&rct=j&q=&esrc=s&source=web&cd=&cad=rja&uact=8&ved=2ahUKEwikvav_5cPvAhWb8XMBHXchBcoQFjABegQIAhAD&url=https%3A%2F%2Fwww.swiggy.com%2Frestaurants%2Fsambhar-house-gumasta-nagar-sudama-nagar-indore-75488&usg=AOvVaw09RIDbY-XKJEN4qmaN1g_I
,,Lemon Rice,,South Indian Food,175,6.4 g,2.6 g ,26.7 g,https://www.google.com/imgres?imgurl=https%3A%2F%2Fwww.indianhealthyrecipes.com%2Fwp-content%2Fuploads%2F2018%2F06%2Flemon-rice-recipe.jpg&imgrefurl=https%3A%2F%2Fwww.indianhealthyrecipes.com%2Flemon-rice-recipe%2F&tbnid=_dqKc7rf1vAahM&vet=12ahUKEwi9uJfI8MPvAhWSeH0KHVaeAqUQMygAegUIARD4AQ..i&docid=OHvdGHNe3bZKiM&w=680&h=510&q=lemon%20rice&ved=2ahUKEwi9uJfI8MPvAhWSeH0KHVaeAqUQMygAegUIARD4AQ,https://www.google.com/url?sa=t&rct=j&q=&esrc=s&source=web&cd=&cad=rja&uact=8&ved=2ahUKEwiuqcWR5sPvAhUiheYKHWgEBtwQFjAEegQIBhAD&url=https%3A%2F%2Fwww.indianhealthyrecipes.com%2Flemon-rice-recipe%2F&usg=AOvVaw3cTDM1QfB79pPAygMSJy1A,https://www.google.com/url?sa=t&rct=j&q=&esrc=s&source=web&cd=&cad=rja&uact=8&ved=2ahUKEwjhscL25sPvAhXr73MBHV4fA3EQFjAAegQIAxAD&url=https%3A%2F%2Fwww.zomato.com%2Fncr%2Frestaurants%2Fdish-lemon-rice&usg=AOvVaw0ZHwe_nH_CVmXuzm_COla5
,,Uttapam,,South Indian Food,92,2.8 g,17.9 g,14.2 g,https://www.google.com/imgres?imgurl=https%3A%2F%2Fwww.indianhealthyrecipes.com%2Fwp-content%2Fuploads%2F2019%2F09%2Futtapam.jpg&imgrefurl=https%3A%2F%2Fwww.indianhealthyrecipes.com%2Futtapam-recipe-uthappam%2F&tbnid=S3Ek2vpK8mdmhM&vet=12ahUKEwizsa698MPvAhWxmksFHTuDBw8QMygAegUIARDxAQ..i&docid=xu59_7u7xUfE7M&w=680&h=510&q=uttapam&ved=2ahUKEwizsa698MPvAhWxmksFHTuDBw8QMygAegUIARDxAQ,https://www.google.com/url?sa=t&rct=j&q=&esrc=s&source=web&cd=&cad=rja&uact=8&ved=2ahUKEwifpfjc58PvAhWloekKHdhrA6IQFjAEegQIBBAD&url=https%3A%2F%2Fwww.indianhealthyrecipes.com%2Futtapam-recipe-uthappam%2F&usg=AOvVaw1OMwL1YXvF_3TmwGeDSDEj,https://www.google.com/url?sa=t&rct=j&q=&esrc=s&source=web&cd=&cad=rja&uact=8&ved=2ahUKEwizrZPp58PvAhUjzDgGHfCsDUwQFjAAegQIAhAD&url=https%3A%2F%2Fwww.zomato.com%2Findore%2Framesh-masala-dosa-new-palasia%2Forder&usg=AOvVaw3D_wotvN_Ha0VXKt7Wn4G5
,,Coconut Chutney,,South Indian Food,36,3.3 g,0.4 g,1 g,https://encrypted-tbn0.gstatic.com/images?q=tbn:ANd9GcTRdwhtbcVJw562lswAGuz2pQxApuEU-wSmRA&usqp=CAU,https://www.google.com/url?sa=t&rct=j&q=&esrc=s&source=web&cd=&cad=rja&uact=8&ved=2ahUKEwizwdXP6MPvAhUE7XMBHQr8DccQFjAAegQIBhAD&url=https%3A%2F%2Fwww.indianhealthyrecipes.com%2Fcoriander-coconut-chutney%2F&usg=AOvVaw07tepNzHKdGFXEDNqhmIIS,https://www.google.com/url?sa=t&rct=j&q=&esrc=s&source=web&cd=&cad=rja&uact=8&ved=2ahUKEwj37NnV6MPvAhXzjOYKHVevDtEQFjAAegQIAhAD&url=https%3A%2F%2Fwww.bigbasket.com%2Fss%2Fchutney%2F&usg=AOvVaw3LmURS7Jz0hhDEfur0bUUR
,,Coconut Rice,,South Indian Food,290,16.5 g,5.4 g,30 g,https://www.google.com/imgres?imgurl=https%3A%2F%2Fwww.indianhealthyrecipes.com%2Fwp-content%2Fuploads%2F2015%2F03%2Fcoconut-rice-1-500x447.jpg&imgrefurl=https%3A%2F%2Fwww.indianhealthyrecipes.com%2Fcoconut-rice-recipe%2F&tbnid=FOEbphptGusOwM&vet=12ahUKEwiZ9pv678PvAhUGNCsKHfCmATAQMygAegUIARD6AQ..i&docid=XtLawurPEnJ9rM&w=500&h=447&q=coconut%20rice&ved=2ahUKEwiZ9pv678PvAhUGNCsKHfCmATAQMygAegUIARD6AQ,https://www.google.com/url?sa=t&rct=j&q=&esrc=s&source=web&cd=&cad=rja&uact=8&ved=2ahUKEwiumIDZ6cPvAhXVW3wKHU4_CugQFjAEegQIBBAD&url=https%3A%2F%2Fwww.indianhealthyrecipes.com%2Fcoconut-rice-recipe%2F&usg=AOvVaw0bEKYR2ytJ0QO5lWvLRGW2,https://www.google.com/url?sa=t&rct=j&q=&esrc=s&source=web&cd=&cad=rja&uact=8&ved=2ahUKEwjNv_X36cPvAhXl7nMBHTnzAwQQFjAAegQIAxAD&url=https%3A%2F%2Fwww.zomato.com%2Findore%2Fsri-sai-balaji-vijay-nagar%2Forder&usg=AOvVaw0PzMls61Wmnv71tSq9yTJS
,,Vada,,South Indian Food,97,5.2 g,3.6 g,8.9 g,https://www.google.com/imgres?imgurl=https%3A%2F%2Fwww.indianhealthyrecipes.com%2Fwp-content%2Fuploads%2F2014%2F07%2Fmedu-vada-recipe.jpg&imgrefurl=https%3A%2F%2Fwww.indianhealthyrecipes.com%2Fgarelu-medhu-vadai-recipe%2F&tbnid=bxfEto4g5wbDhM&vet=12ahUKEwi3m_Pv78PvAhVMeSsKHQFuCsIQMygAegUIARD2AQ..i&docid=n0DY9ZkC5Yg6PM&w=680&h=510&q=vada&ved=2ahUKEwi3m_Pv78PvAhVMeSsKHQFuCsIQMygAegUIARD2AQ,https://www.google.com/url?sa=t&rct=j&q=&esrc=s&source=web&cd=&cad=rja&uact=8&ved=2ahUKEwi516-C6sPvAhWj7HMBHY84DR4QFjAEegQIBRAD&url=https%3A%2F%2Fwww.indianhealthyrecipes.com%2Fgarelu-medhu-vadai-recipe%2F&usg=AOvVaw0-fW7Wqs6YUaEV0Nidx-ED,https://www.google.com/url?sa=t&rct=j&q=&esrc=s&source=web&cd=&cad=rja&uact=8&ved=2ahUKEwjLx7zF6sPvAhUN7nMBHRA4DUcQFjAAegQIARAD&url=https%3A%2F%2Fwww.swiggy.com%2Frestaurants%2Fbittus-dahi-bada-56-dukan-new-palasia-indore-62527&usg=AOvVaw3Ca8KVPz4XnadhTGXsLEYh
,,Moong Daal Payasam,,South Indian Food,450,21 g,10 g,57  g,https://www.google.com/imgres?imgurl=https%3A%2F%2Fwww.indianhealthyrecipes.com%2Fwp-content%2Fuploads%2F2013%2F06%2Fmoong-dal-payasam-1-500x500.jpg&imgrefurl=https%3A%2F%2Fwww.indianhealthyrecipes.com%2Fmoong-dal-kheer-recipe-pesarapappu-payasam-recipe%2F&tbnid=AT0zpndelqzSaM&vet=12ahUKEwjR4OKU8MPvAhVNsksFHfWyA1sQMygBegUIARC7AQ..i&docid=CxD-MFAvbWLJbM&w=500&h=500&q=moong%20dal%20payasam%20recipe&ved=2ahUKEwjR4OKU8MPvAhVNsksFHfWyA1sQMygBegUIARC7AQ,https://www.google.com/url?sa=t&rct=j&q=&esrc=s&source=web&cd=&cad=rja&uact=8&ved=2ahUKEwjW0JuV68PvAhUe63MBHej8CW0QFjAEegQIBBAD&url=https%3A%2F%2Fwww.indianhealthyrecipes.com%2Fmoong-dal-kheer-recipe-pesarapappu-payasam-recipe%2F&usg=AOvVaw2utFk1giKGfTRYsAYayjCZ,https://www.google.com/url?sa=t&rct=j&q=&esrc=s&source=web&cd=&cad=rja&uact=8&ved=2ahUKEwjuw_qg68PvAhU1H7cAHd5YAS0QFjAAegQIAhAD&url=https%3A%2F%2Fwww.swiggy.com%2Frestaurants%2Faromas-of-south-crescent-road-aroms-of-south-majestic-bangalore-40235&usg=AOvVaw2SuL3XrGLFnxnE4auzFHkC
,,Rasam,,South Indian Food,59,1.5 g,2.4 g,9.3 g,https://www.google.com/imgres?imgurl=https%3A%2F%2Fwww.indianhealthyrecipes.com%2Fwp-content%2Fuploads%2F2018%2F11%2Frasam-recipe.jpg&imgrefurl=https%3A%2F%2Fwww.indianhealthyrecipes.com%2Ftomato-rasam-recipe%2F&tbnid=x7YmdmabXz7ZZM&vet=12ahUKEwi85t-j8MPvAhUHE3IKHfdDD4kQMygAegUIARD7AQ..i&docid=TO1xgOqMR8-RLM&w=680&h=510&q=rasam&ved=2ahUKEwi85t-j8MPvAhUHE3IKHfdDD4kQMygAegUIARD7AQ,https://www.google.com/url?sa=t&rct=j&q=&esrc=s&source=web&cd=&cad=rja&uact=8&ved=2ahUKEwi9t9-p7MPvAhXhxzgGHW-eC9YQFjAIegQIFhAD&url=https%3A%2F%2Fwww.vegrecipesofindia.com%2Feasy-rasam-recipe-rasam-recipes%2F&usg=AOvVaw3kLNg1vdjHBwXv1cf5-xDT,https://www.google.com/url?sa=t&rct=j&q=&esrc=s&source=web&cd=&cad=rja&uact=8&ved=2ahUKEwig8YKe7MPvAhWCyjgGHUefDvsQFjACegQIEBAD&url=https%3A%2F%2Fwww.zomato.com%2Findore%2Fbanana-leaf-vijay-nagar%2Forder&usg=AOvVaw0LdwXkFWAv3LgjLwfpnzst
,,Moong Dal Vada,,South Indian Food,91,6.4 g,2.1 g,6.2 g,https://www.google.com/imgres?imgurl=https%3A%2F%2Fwww.tarladalal.com%2Fmembers%2F9306%2Fbig%2Fbig_yellow_moong_and_urad_dal_pakoda-14196.jpg&imgrefurl=https%3A%2F%2Fwww.tarladalal.com%2Fcalories-for-yellow-moong-and-urad-dal-pakoda-42053&tbnid=1Vg2z6amT7ELgM&vet=12ahUKEwiw6bqy8MPvAhWGkksFHezFDzMQMygCegUIARDBAQ..i&docid=At4ZbmjTIJVS9M&w=696&h=905&q=moong%20dal%20vada%20nutrition%20facts&ved=2ahUKEwiw6bqy8MPvAhWGkksFHezFDzMQMygCegUIARDBAQ,https://www.google.com/url?sa=t&rct=j&q=&esrc=s&source=web&cd=&cad=rja&uact=8&ved=2ahUKEwixzquj7cPvAhUVzDgGHcYGBlYQFjAIegQIJRAD&url=https%3A%2F%2Fhebbarskitchen.com%2Fmoong-dal-vada-recipe-moong-dal-pakoda%2F&usg=AOvVaw3GRTmMnHQGi6EWkFuvpTv7,https://www.google.com/url?sa=t&rct=j&q=&esrc=s&source=web&cd=&cad=rja&uact=8&ved=2ahUKEwiThITq7cPvAhU54jgGHUz7Az8QFjACegQIAhAD&url=https%3A%2F%2Fwww.zomato.com%2Findore%2Fpakoda-bar-hig-lig%2Forder&usg=AOvVaw1-einvP3SnsxDJV9bVo0vb
,,Upma,,South Indian Food,192,5.8 g,4 g,30.7 g,https://encrypted-tbn0.gstatic.com/images?q=tbn:ANd9GcS0XNNkptIsZs5J-eXFmc_0kthamLHrobqhffslzNXy59hYVy-v40TXsw5gh9E&s,https://www.vegrecipesofindia.com/upma-savoury-south-indian-breakfast-recipe-made-with-semolina/,https://www.google.com/url?sa=t&rct=j&q=&esrc=s&source=web&cd=&cad=rja&uact=8&ved=2ahUKEwjuh9qc3LvvAhXM8HMBHXsiBfQQFjAAegQIAhAD&url=https%3A%2F%2Fsweetkaramcoffee.in%2Fproducts%2Frava-upma-mix&usg=AOvVaw3xVv2toR7NXP0fqpTfK9gn
,,Tomato Pappu,,South Indian Food,306,12 g,12 g,39 g,https://www.google.com/imgres?imgurl=https%3A%2F%2Faahaaramonline.com%2Fwp-content%2Fuploads%2F2013%2F02%2Fandhra_tomato_dal-500x500.jpg&imgrefurl=https%3A%2F%2Faahaaramonline.com%2Ftomato-pappu-andhra-tomato-dal%2F&tbnid=8SQeHylQP-74hM&vet=12ahUKEwi8-5SNvMbvAhUNj0sFHcQuDvcQMygAegUIARDJAQ..i&docid=P5nPgfRTgw2GRM&w=500&h=500&q=tomato%20pappu&ved=2ahUKEwi8-5SNvMbvAhUNj0sFHcQuDvcQMygAegUIARDJAQ,https://www.google.com/url?sa=t&rct=j&q=&esrc=s&source=web&cd=&cad=rja&uact=8&ved=2ahUKEwjdwdyVvMbvAhWH63MBHQ_XA3gQFjAEegQIBBAD&url=https%3A%2F%2Fwww.vegrecipesofindia.com%2Ftomato-dal-andhra-tomato-dal%2F&usg=AOvVaw1cNFIBqmv8OmkZDyRmf9J7,https://www.google.com/url?sa=t&rct=j&q=&esrc=s&source=web&cd=&cad=rja&uact=8&ved=2ahUKEwj-3difvMbvAhW37HMBHY_iBp0QFjAAegQIAhAD&url=https%3A%2F%2Fwww.swiggy.com%2Fbangalore%2Fbengali-rannabadi-rajarajeshwari-nagar&usg=AOvVaw0k2g6sj7T96ghoYY3ujEoC
,,,,South Indian Food,,,,,,,
,,,,South Indian Food,,,,,,,
,,,,South Indian Food,,,,,,,
